001;Amanda Rocha;amandarocha@gmail.com
002;Nayara Silva;nayarasilva@gmail.com
003;Lucas Pereira;lucaspereira@gmail.com
004;Mariana Costa;marianacosta@gmail.com
005;Rafael Almeida;rafaelalmeida@gmail.com
006;Beatriz Santos;beatrizsantos@gmail.com
007;Thiago Oliveira;thiagooliveira@gmail.com
008;Camila Rodrigues;camilarodrigues@gmail.com
009;Bruno Martins;brunomartins@gmail.com
010;Larissa Araujo;larissaaraujo@gmail.com
011;Diego Fernandes;diegofernandes@gmail.com
012;Paula Ribeiro;paularibeiro@gmail.com
013;Felipe Gomes;felipegomes@gmail.com
014;Juliana Barros;julianabarros@gmail.com
015;Matheus Pacheco;matheuspacheco@gmail.com
016;Renata Lopes;renatalopes@gmail.com
017;Victor Teixeira;victorteixeira@gmail.com
018;Aline Nogueira;alinenogueira@gmail.com
019;Gabriel Farias;gabrielfarias@gmail.com
020;Vanessa Batista;vanessabatista@gmail.com
021;Eduardo Macedo;eduardomacedo@gmail.com
022;Carolina Peixoto;carolinapeixoto@gmail.com
023;João Vitor Lima;joaovitorlima@gmail.com
024;Priscila Moraes;priscilamoraes@gmail.com
025;André Cunha;andrecunha@gmail.com
026;Daniela Freitas;danielafreitas@gmail.com
027;Igor Monteiro;igormonteiro@gmail.com
028;Natalia Queiroz;nataliaqueiroz@gmail.com
029;Pedro Henrique Alves;pedrohenriquealves@gmail.com
030;Michele Torres;micheletorres@gmail.com
031;Leonardo Brum;leonardobrum@gmail.com
032;Bianca Guedes;biancaguedes@gmail.com
033;Rodrigo Paiva;rodrigopaiva@gmail.com
034;Patricia Rangel;patriciarangel@gmail.com
035;Caio Menezes;caiomenezes@gmail.com
036;Fernanda Gallo;fernandagallo@gmail.com
037;Gustavo Bittencourt;gustavobittencourt@gmail.com
038;Tatiane Prado;tatianeprado@gmail.com
039;Arthur Neves;arthurneves@gmail.com
040;Luciana Falcão;lucianafalcao@gmail.com
041;Henrique Pimenta;henriquepimenta@gmail.com
042;Sabrina Lopes;sabrinalopes@gmail.com
043;Alexandre Abreu;alexandreabreu@gmail.com
044;Flavia Portela;flaviaportela@gmail.com
045;Ricardo Coutinho;ricardocoutinho@gmail.com
046;Simone Cardoso;simonecardoso@gmail.com
047;Vitor Sales;vitorsales@gmail.com
048;Luana Meireles;luanameireles@gmail.com
049;Ronaldo Pires;ronaldopires@gmail.com
050;Elisa Montenegro;elisamontenegro@gmail.com
